<?xml version="1.0"?>
<!DOCTYPE hibernate-mapping PUBLIC "-//Hibernate/Hibernate Mapping DTD 3.0//EN"
"http://hibernate.sourceforge.net/hibernate-mapping-3.0.dtd">
<hibernate-mapping>
    <class name="billingsystem.src.dto.TaxInvoice" table="BillingSystem_TaxInvoice" >
        <id name="invoiceNumber" type="string">
            <column name="invoiceNumber" length="20" />
            <generator class="assigned" />
        </id>
        <property name="invoiceIssueDate" type="timestamp">
            <column name="invoiceIssueDate" length="23" not-null="true" />
        </property>
        <property name="invoiceDueDate" type="timestamp">
            <column name="invoiceDueDate" length="23" not-null="true" />
        </property>
        <property name="siteId" type="string">
            <column name="siteId" length="20" not-null="true" />
        </property>
        <property name="invoiceStatus" type="java.lang.Integer">
            <column name="invoiceStatus" not-null="true" />
        </property>
        <property name="invoiceCurrency" type="string">
            <column name="invoiceCurrency" length="3" not-null="true" />
        </property>
        <property name="invoiceAmount" type="big_decimal">
            <column name="invoiceAmount" scale="4" />
        </property>
        <property name="outstandingAmount" type="big_decimal">
            <column name="outstandingAmount" scale="4" />
        </property>
        <property name="gst" type="big_decimal">
            <column name="gst" scale="4" />
        </property>
        <property name="finalAmount" type="big_decimal">
            <column name="finalAmount" scale="4" />
        </property>
        <property name="invoicePDF" type="binary">
            <column name="invoicePDF" />
        </property>        
        <property name="paymentDate" type="timestamp">
            <column name="paymentDate" length="23" />
        </property>
        <property name="paymentMethod" type="string">
            <column name="paymentMethod" length="20"/>
        </property>
        <property name="paidAmount" type="big_decimal">
            <column name="paidAmount" scale="4" />
        </property>
        <property name="paidStatusRecordedBy" type="string">
            <column name="paidStatusRecordedBy" length="20" />
        </property>
        <property name="paidStatusRecordedOn" type="timestamp">
            <column name="paidStatusRecordedOn" length="23" />
        </property>
    </class>
</hibernate-mapping>
