<?xml version="1.0"?>
<!DOCTYPE hibernate-mapping PUBLIC "-//Hibernate/Hibernate Mapping DTD 3.0//EN"
"http://hibernate.sourceforge.net/hibernate-mapping-3.0.dtd">
<!-- Generated Jan 21, 2008 3:16:16 PM by Hibernate Tools 3.2.0.beta7 -->
<hibernate-mapping>
    <class name="usermgmt.src.dto.CompanyModule" table="CompanyModule">
        <composite-id name="id" class="usermgmt.src.dto.CompanyModuleId">
            <key-property name="moduleId" type="java.lang.Integer">
                <column name="moduleId" />
            </key-property>
            <key-property name="companyId" type="string">
                <column name="companyId" length="20" />
            </key-property>
        </composite-id>              
        <many-to-one name="module" class="usermgmt.src.dto.Module" fetch="select" lazy="false" insert="false" update="false">
            <column name="moduleId" not-null="true" />
        </many-to-one>
        <property name="status" type="int">
            <column name="status" not-null="true" />
        </property>
		 <property name="type1TransactionFee" type="big_decimal">
            <column name="type1TransactionFee" precision="5" not-null="true" />
        </property>
        <property name="type2TransactionFee" type="big_decimal">
            <column name="type2TransactionFee" precision="5" not-null="true" />
        </property>
        <property name="subscriptionFee" type="big_decimal">
            <column name="subscriptionFee" precision="5" not-null="true" />
        </property>
        <property name="signOnFee" type="big_decimal">
            <column name="signOnFee" scale="4" not-null="true" />
        </property>
        <property name="additionalUserFee" type="big_decimal">
            <column name="additionalUserFee" scale="4" not-null="true" />
        </property>
        <property name="support24X7Fee" type="big_decimal">
            <column name="support24X7Fee" scale="4" not-null="true" />
        </property>
        <property name="trainingFee" type="big_decimal">
            <column name="trainingFee" precision="5" not-null="true" />
        </property>
        <property name="cappedAmount" type="big_decimal">
            <column name="cappedAmount" scale="4" not-null="true" />
        </property>
    </class>
</hibernate-mapping>
