<?xml version="1.0"?>
<!DOCTYPE hibernate-mapping PUBLIC "-//Hibernate/Hibernate Mapping DTD 3.0//EN"
"http://hibernate.sourceforge.net/hibernate-mapping-3.0.dtd">
<!-- Generated Aug 23, 2007 1:01:17 PM by Hibernate Tools 3.2.0.beta7 -->
<hibernate-mapping>
    <class name="usermgmt.src.dto.Company" table="company">
        <id name="companyId" type="string">
            <column name="companyId" length="20" />
            <generator class="assigned" />
        </id>
        <property name="companyName" type="string">
            <column name="companyName" length="64" not-null="true" />
        </property>
		<property name="securityRole" type="java.lang.Integer" >
			<column name="securityRole" />
		</property>
        <property name="title" type="string">
            <column name="title" length="5" />
        </property>
        <property name="firstName" type="string">
            <column name="firstName" length="30" />
        </property>
        <property name="lastName" type="string">
            <column name="lastName" length="30" />
        </property>
        <property name="otherName" type="string">
            <column name="otherName" length="50" />
        </property>
        <property name="address1" type="string">
            <column name="address1" length="60" not-null="true" />
        </property>
        <property name="address2" type="string">
            <column name="address2" length="60" />
        </property>
        <property name="city" type="string">
            <column name="city" length="30" />
        </property>
        <property name="state" type="string">
            <column name="state" length="30" not-null="true" />
        </property>
        <property name="postalCode" type="string">
            <column name="postalCode" length="4" />
        </property>
        <property name="country" type="string">
            <column name="country" length="64" not-null="true" />
        </property>
        <property name="emailId" type="string">
            <column name="emailId" length="70" />
        </property>
        <property name="phone" type="string">
            <column name="phone" length="30" />
        </property>
        <property name="fax" type="string">
            <column name="fax" length="30" />
        </property>
        <property name="setupDate" type="timestamp">
            <column name="setupDate" length="23" />
        </property>
        <property name="expiry" type="timestamp">
            <column name="expiry" length="23" not-null="true" />
        </property>
		<property name="applicableDate" type="timestamp">
            <column name="applicableDate" length="23" />
        </property>
        <property name="status" type="java.lang.Integer">
            <column name="status" not-null="true" />
        </property>
		<property name="paymentMethod" type="string">
            <column name="paymentMethod" length="20" not-null="true" />
        </property>
		<property name="billingFreuquency" type="string">
            <column name="billingFreuquency" length="20" not-null="true"/>
        </property>
        <property name="billingMode" type="string">
            <column name="billingMode" length="10" not-null="true"/>
        </property>
        <property name="supportType" type="string">
            <column name="supportType" length="15" not-null="true"/>
        </property>
        <property name="paymentReminder" type="string">
            <column name="paymentReminder" length="10" not-null="true"/>
        </property>
        <property name="lastUpdateDate" type="timestamp">
            <column name="lastUpdateDate" length="23" />
        </property>
        <property name="lastUpdatedBy" type="string">
            <column name="lastUpdatedBy" length="20" />
        </property>
        <property name="registeredBy" type="string">
            <column name="registeredBy" length="20" />
        </property>
        <property name="bankAccountName" type="string">
            <column name="bankAccountName" length="32" />
        </property>
		<property name="bankAccountNo" type="string">
            <column name="bankAccountNo" length="28" />
        </property>
		<property name="bsbNo" type="string">
            <column name="bsbNo" length="7" />
        </property>
        <property name="documentName" type="string">
            <column name="documentName" length="80" />
        </property>
        <property name="documentContent" type="binary">
            <column name="documentContent" />
        </property>
        <property name="feeOverrideComments" type="string">
            <column name="feeOverrideComments" />
        </property>
        <property name="changeRequestUserId" type="string">
            <column name="changeRequestUserId" length="20" />
        </property>
        <property name="changeApproveUserId" type="string">
            <column name="changeApproveUserId" length="20" />
        </property>
		<property name="abnNo" type="string">
            <column name="abnNo" length="15" />
        </property>
		<set name="companyModules" lazy="false" cascade="all">
            <key column="companyId" />
            <one-to-many class="usermgmt.src.dto.CompanyModule" />
        </set>
    </class>
</hibernate-mapping>
