<?xml version="1.0"?>
<!DOCTYPE hibernate-mapping PUBLIC "-//Hibernate/Hibernate Mapping DTD 3.0//EN"
"http://hibernate.sourceforge.net/hibernate-mapping-3.0.dtd">
<!-- Generated Sep 13, 2007 2:33:12 PM by Hibernate Tools 3.2.0.b9 -->
<hibernate-mapping>
    <class name="usermgmt.src.dto.Module" table="Module">
        <id name="moduleId" type="java.lang.Integer">
            <column name="moduleId" />
            <generator class="assigned" />
        </id>
        <property name="moduleDescription" type="string">
            <column name="moduleDescription" length="100" not-null="true" />
        </property>
        <property name="type1TransactionFee" type="big_decimal">
            <column name="type1TransactionFee" precision="5" not-null="true" />
        </property>
        <property name="type2TransactionFee" type="big_decimal">
            <column name="type2TransactionFee" precision="5" not-null="true" />
        </property>
        <property name="subscriptionFee" type="big_decimal">
            <column name="subscriptionFee" precision="5" not-null="true" />
        </property>
		<property name="signOnFee" type="big_decimal">
            <column name="signOnFee" scale="4" not-null="true" />
        </property>
        <property name="additionalUserFee" type="big_decimal">
            <column name="additionalUserFee" scale="4" not-null="true" />
        </property>
        <property name="support24X7Fee" type="big_decimal">
            <column name="support24X7Fee" scale="4" not-null="true" />
        </property>
        <property name="trainingFee" type="big_decimal">
            <column name="trainingFee" precision="5" not-null="true" />
        </property>
        <property name="cappedAmount" type="big_decimal">
            <column name="cappedAmount" scale="4" not-null="true" />
        </property>
        <property name="deploymentUrl" type="string">
            <column name="deploymentUrl" length="100" not-null="true" />
        </property>
        <property name="adminPrivilege" type="java.lang.Integer">
            <column name="adminPrivilege" not-null="true" />
        </property>
        <property name="enduserPrivilege" type="java.lang.Integer">
            <column name="enduserPrivilege" not-null="true" />
        </property>
    </class>
</hibernate-mapping>
