<?xml version="1.0"?>
<!DOCTYPE hibernate-mapping PUBLIC "-//Hibernate/Hibernate Mapping DTD 3.0//EN"
"http://hibernate.sourceforge.net/hibernate-mapping-3.0.dtd">
<!-- Generated Jul 13, 2007 2:54:59 PM by Hibernate Tools 3.2.0.beta7 -->
<hibernate-mapping>
    <class name="usermgmt.src.dto.Person" table="Person">
         <id name="uniqueUserRef" type="java.lang.Long">
            <column name="uniqueUserRef" />
            <generator class="native" />
        </id>
        <property name="siteId" type="string">
            <column name="siteId" length="20" />
        </property>
        <property name="userId" type="string">
            <column name="userId" length="20" />
        </property>
        <property name="firstName" type="string">
            <column name="firstName" length="30" not-null="true" />
        </property>        
        <property name="lastName" type="string">
            <column name="lastName" length="30" not-null="true" />
        </property>
        <property name="title" type="string">
            <column name="title" length="5" not-null="true" />
        </property>
        <property name="address1" type="string">
            <column name="address1" length="60" not-null="true" />
        </property>
        <property name="address2" type="string">
            <column name="address2" length="60" not-null="true" />
        </property>
        <property name="city" type="string">
            <column name="city" length="30" />
        </property>
        <property name="state" type="string">
            <column name="state" length="30" not-null="true" />
        </property>
        <property name="loginAttempt" type="int">
            <column name="loginAttempt" not-null="true" />
        </property>
        <property name="emailId" type="string">
            <column name="emailId" length="80" not-null="true" />
        </property>
        <property name="otherName" type="string">
            <column name="otherName" length="30" />
        </property>
        <property name="phoneNumber" type="string">
            <column name="phoneNumber" length="20" />
        </property>
        <property name="faxNumber" type="string">
            <column name="faxNumber" length="20" />
        </property>
        <property name="country" type="string">
            <column name="country" length="30" not-null="true" />
        </property>
        <property name="postalCode" type="string">
            <column name="postalCode" length="10" />
        </property>
        <property name="status" type="int">
            <column name="status" not-null="true" />
        </property>
        <property name="password" type="string">
            <column name="password" length="20" not-null="true" />
        </property>
        <property name="userType" type="string">
            <column name="userType" length="1" not-null="true" />
        </property>
        <property name="scrollAmount" type="int">
            <column name="scrollAmount" not-null="true" />
        </property>
        <property name="platformType" type="java.lang.Integer">
            <column name="platformType" not-null="true" />
        </property>        
    </class>
    <sql-query name="sql.projectAssociation">
    	<return-scalar column="UCount" type="int"/>
 		Select count(*) as UCount from CompanyModule where CompanyId=:SelCompanyId and ModuleId=1 and Status=1
 	</sql-query>
 	<sql-query name="sql.companyStatus">
    	<return-scalar column="CompanyStatus" type="int"/>
 		Select count(*) as CompanyStatus from Company where companyId=:SelCompanyId and status=1
 	</sql-query>
</hibernate-mapping>
