<?xml version="1.0" encoding="UTF-8"?>
<beans xmlns="http://www.springframework.org/schema/beans"
xmlns:xsi="http://www.w3.org/2001/XMLSchema-instance"
xmlns:util="http://www.springframework.org/schema/util"
xsi:schemaLocation="http://www.springframework.org/schema/beans http://www.springframework.org/schema/beans/spring-beans.xsd
http://www.springframework.org/schema/util http://www.springframework.org/schema/util/spring-util.xsd">

    <!--  start********************************** -->
    
    <bean id="tradingPartnerLookupDAO" class="userlookup.src.dao.impl.TradingPartnerLookupDAOImpl">
        <property name="sessionFactory" ref="sessionFactory"/>
    </bean>    
 	<bean id="currencyUserLookupDAO" class="userlookup.src.dao.impl.CurrencyUserLookupDAOImpl">
        <property name="sessionFactory" ref="sessionFactory"/>
   	</bean>
    <bean id="productUserLookupDAO" class="userlookup.src.dao.impl.ProductUserLookupDAOImpl">
        <property name="sessionFactory" ref="sessionFactory"/>
    </bean> 
	<bean id="clausesUserLookupDAO" class="userlookup.src.dao.impl.ClausesUserLookupDAOImpl">
        <property name="sessionFactory" ref="sessionFactory"/>
    </bean> 
</beans>
    