<?xml version="1.0"?>
<!DOCTYPE hibernate-mapping PUBLIC "-//Hibernate/Hibernate Mapping DTD 3.0//EN"
"http://hibernate.sourceforge.net/hibernate-mapping-3.0.dtd">
<!-- Generated Nov 17, 2006 10:45:43 AM by Hibernate Tools 3.2.0.beta7 -->
<hibernate-mapping>
    <class name="userlookup.src.dto.ClausesUserLookup" table="dp_Clauses" >
        <composite-id name="id" class="userlookup.src.dto.ClausesUserLookupId">
            <key-property name="siteId" type="string">
                <column name="siteId" length="20" />
            </key-property>
            <key-property name="userId" type="string">
                <column name="userId" length="20" />
            </key-property>
            <key-property name="clauseId" type="string">
                <column name="clauseId" length="6" />
            </key-property>
        </composite-id>	
		<property name="clauseTitle" type="string">
            <column name="clauseTitle" length="30" />
        </property>
		<property name="line1" type="string">
            <column name="line1" length="72">
            </column>
        </property>
        <property name="line2" type="string">
            <column name="line2" length="72">
            </column>
        </property>
        <property name="line3" type="string">
            <column name="line3" length="72">
            </column>
        </property>
        <property name="line4" type="string">
            <column name="line4" length="72">
            </column>
        </property>
        <property name="line5" type="string">
            <column name="line5" length="72">
            </column>
        </property>
        <property name="line6" type="string">
            <column name="line6" length="72">
            </column>
        </property>
        <property name="line7" type="string">
            <column name="line7" length="72">
            </column>
        </property>
        <property name="line8" type="string">
            <column name="line8" length="72">
            </column>
        </property>
        <property name="line9" type="string">
            <column name="line9" length="72">
            </column>
        </property>
       <property name="isPaymentTerm" type="java.lang.Integer">
            <column name="isPaymentTerm"  default="0"/>
        </property>
        <property name="isPrintClause" type="java.lang.Integer">
            <column name="isPrintClause" default="0"/>
        </property>
        <property name="isAdditionalClause" type="java.lang.Integer">
            <column name="isAdditionalClause" default="0" />
        </property>   
		 <property name="isExporterDeclClause" type="java.lang.Integer">
            <column name="isExporterDeclClause" default="0" />
        </property>
        
    </class>
</hibernate-mapping>
