<?xml version="1.0"?>
<!DOCTYPE hibernate-mapping PUBLIC "-//Hibernate/Hibernate Mapping DTD 3.0//EN"
"http://hibernate.sourceforge.net/hibernate-mapping-3.0.dtd">
<!-- Generated Nov 17, 2006 10:44:45 AM by Hibernate Tools 3.2.0.beta7 -->
<hibernate-mapping>
    <class name="userlookup.src.dto.CurrencyUserLookup" table="dp_Currency" >
        <comment></comment>
        <id name="currencyCode" type="string">
            <column name="currencyCode" length="20" />
            <generator class="assigned" />
        </id>
        <property name="currencyName" type="string">
            <column name="currencyName" length="20" not-null="true" />
        </property>
        <property name="countryName" type="string">
            <column name="countryName" length="24" />
        </property>
        <property name="fob" type="string">
            <column name="fob" length="1" />
        </property>
        <property name="exchangeRate" type="string">
            <column name="exchangeRate" length="9" />
        </property>
        <property name="rateDate" type="timestamp">
            <column name="rateDate" length="25" not-null="true" />
        </property>
    </class>
</hibernate-mapping>
