<?xml version="1.0"?>
<!DOCTYPE hibernate-mapping PUBLIC "-//Hibernate/Hibernate Mapping DTD 3.0//EN"
"http://hibernate.sourceforge.net/hibernate-mapping-3.0.dtd">
<!-- Generated Nov 17, 2006 10:36:32 AM by Hibernate Tools 3.2.0.beta7 -->
<hibernate-mapping>
    <class name="userlookup.src.dto.ProductUserLookup" table="dp_Product" >
        <comment></comment>
        <composite-id name="id" class="userlookup.src.dto.ProductUserLookupId">
            <key-property name="siteId" type="string">
                <column name="siteId" length="20" />
            </key-property>
            <key-property name="userId" type="string">
                <column name="userId" length="20" />
            </key-property>
            <key-property name="productCode" type="string">
                <column name="productCode" length="20" />
            </key-property>
        </composite-id>		
       <property name="hscode" type="string">
            <column name="hscode" length="20" />
        </property>
        <property name="description" type="string">
            <column name="description" length="40" />
        </property>
        <property name="quantity" type="string">
            <column name="quantity" length="9" />
        </property>
        <property name="unitPrice" type="string">
            <column name="unitPrice" length="9" />
        </property>
        <property name="prefCrit" type="string">
            <column name="prefCrit" length="20" />
        </property>
        <property name="producer" type="string">
            <column name="producer" length="20" />
        </property>
        <property name="countryOfOrigin" type="string">
            <column name="countryOfOrigin" length="18" />
        </property>
        <property name="netCost" type="string">
            <column name="netCost" length="10"  />
        </property>
        <property name="unitOfMeasures" type="string">
            <column name="unitOfMeasures" length="10" />
        </property>
        <property name="numberOfPackages" type="string">
            <column name="numberOfPackages" length="10" />
        </property>
    </class>
</hibernate-mapping>
