<?xml version="1.0"?>
<!DOCTYPE hibernate-mapping PUBLIC "-//Hibernate/Hibernate Mapping DTD 3.0//EN"
"http://hibernate.sourceforge.net/hibernate-mapping-3.0.dtd">
<hibernate-mapping>
    <class name="userlookup.src.dto.TradingPartnerLookup" table="UserCodeMaintenance_TradingPartner">
        <composite-id name="id" class="userlookup.src.dto.TradingPartnerLookupId">
            <key-property name="siteId" type="string">
                <column name="siteId" length="20" />
            </key-property>
            <key-property name="partnerId" type="string">
                <column name="partnerId" length="35" />
            </key-property>
        </composite-id>
        <property name="name" type="string">
            <column name="name" length="60" not-null="true" />
        </property>
        <property name="abnNo" type="string">
            <column name="abnNo" length="15" />
        </property>
        <property name="streetNo" type="string">
            <column name="streetNo" length="60" />
        </property>
        <property name="streetName" type="string">
            <column name="streetName" length="60" />
        </property>
        <property name="city" type="string">
            <column name="city" length="60" />
        </property>
        <property name="state" type="string">
            <column name="state" length="60" />
        </property>
        <property name="country" type="string">
            <column name="country" length="60" />
        </property>
        <property name="emailId" type="string">
            <column name="emailId" length="80" />
        </property>
        <property name="isExporter" type="java.lang.Integer">
            <column name="isExporter"  default="0"/>
        </property>
        <property name="isConsignee" type="java.lang.Integer">
            <column name="isConsignee" default="0"/>
        </property>
        <property name="isBuyer" type="java.lang.Integer">
            <column name="isBuyer" default="0" />
        </property>   
		 <property name="isForwardingAgent" type="java.lang.Integer">
            <column name="isForwardingAgent" default="0" />
        </property>
		<property name="isManufacturer" type="java.lang.Integer">
            <column name="isManufacturer" default="0" />
        </property>      
    </class>
</hibernate-mapping>
