<?xml version="1.0" encoding="UTF-8"?>
<beans xmlns="http://www.springframework.org/schema/beans"
xmlns:xsi="http://www.w3.org/2001/XMLSchema-instance"
xmlns:util="http://www.springframework.org/schema/util"
xsi:schemaLocation="http://www.springframework.org/schema/beans http://www.springframework.org/schema/beans/spring-beans.xsd
http://www.springframework.org/schema/util http://www.springframework.org/schema/util/spring-util.xsd">

    <!--  start********************************** -->
    
    <bean id="countryLookupDAO" class="codemaintenance.src.dao.impl.CountryLookupDAOImpl">
        <property name="sessionFactory" ref="sessionFactory"/>
    </bean>    
    
    <bean id="currencyLookupDAO" class="codemaintenance.src.dao.impl.CurrencyLookupDAOImpl">
        <property name="sessionFactory" ref="sessionFactory"/>
    </bean>    
    
    <bean id="portLookupDAO" class="codemaintenance.src.dao.impl.PortLookupDAOImpl">
        <property name="sessionFactory" ref="sessionFactory"/>
    </bean>    
    
    <bean id="vesselLookupDAO" class="codemaintenance.src.dao.impl.VesselLookupDAOImpl">
        <property name="sessionFactory" ref="sessionFactory"/>
    </bean>    
    
 </beans>
    