<?xml version="1.0" encoding="UTF-8"?>
<!DOCTYPE beans PUBLIC "-//SPRING//DTD BEAN//EN"
    "http://www.springframework.org/dtd/spring-beans-2.0.dtd">    
<beans>
		
	<bean id="countryLookupManagerTxProxy" abstract="true" class="org.springframework.transaction.interceptor.TransactionProxyFactoryBean">
        <property name="transactionManager" ref="transactionManager" />
        <property name="proxyTargetClass"><value>true</value></property>
        <property name="transactionAttributes">
             <props>
                <prop key="create*">PROPAGATION_REQUIRED</prop>
                <prop key="update*">PROPAGATION_REQUIRED</prop>
                <prop key="get*">PROPAGATION_REQUIRED,readOnly</prop>
                <prop key="*">PROPAGATION_REQUIRED</prop>
            </props>
        </property>
    </bean>
    <bean id="countryLookupManager" parent="countryLookupManagerTxProxy" scope="prototype">
		<property name="target">
			<bean class="codemaintenance.src.bto.controllerImpl.CountryLookupManagerImpl">
    		</bean>
		</property>
    </bean>	
    <bean id="countryLookupPageDAOProviderTxProxy" abstract="true" class="org.springframework.transaction.interceptor.TransactionProxyFactoryBean">
        <property name="transactionManager" ref="transactionManager" />
        <property name="proxyTargetClass"><value>true</value></property>
        <property name="transactionAttributes">
            <props>
                <prop key="get*">PROPAGATION_REQUIRED,readOnly</prop>
            </props>
        </property>
    </bean>
    <bean id="countryLookupPageDAOProvider" parent="countryLookupPageDAOProviderTxProxy">
		<property name="target">
			<bean class="codemaintenance.src.bto.valueListHandler.CountryLookupPageDAOProvider">
    		</bean>
		</property>
    </bean>
	<bean id="currencyLookupManagerTxProxy" abstract="true" class="org.springframework.transaction.interceptor.TransactionProxyFactoryBean">
        <property name="transactionManager" ref="transactionManager" />
        <property name="proxyTargetClass"><value>true</value></property>
        <property name="transactionAttributes">
             <props>
                <prop key="create*">PROPAGATION_REQUIRED</prop>
                <prop key="update*">PROPAGATION_REQUIRED</prop>
                <prop key="get*">PROPAGATION_REQUIRED,readOnly</prop>
                <prop key="*">PROPAGATION_REQUIRED</prop>
            </props>
        </property>
    </bean>
    <bean id="currencyLookupManager" parent="currencyLookupManagerTxProxy" scope="prototype">
		<property name="target">
			<bean class="codemaintenance.src.bto.controllerImpl.CurrencyLookupManagerImpl">
    		</bean>
		</property>
    </bean>	
    <bean id="currencyLookupPageDAOProviderTxProxy" abstract="true" class="org.springframework.transaction.interceptor.TransactionProxyFactoryBean">
        <property name="transactionManager" ref="transactionManager" />
        <property name="proxyTargetClass"><value>true</value></property>
        <property name="transactionAttributes">
            <props>
                <prop key="get*">PROPAGATION_REQUIRED,readOnly</prop>
            </props>
        </property>
    </bean>
    <bean id="currencyLookupPageDAOProvider" parent="currencyLookupPageDAOProviderTxProxy">
		<property name="target">
			<bean class="codemaintenance.src.bto.valueListHandler.CurrencyLookupPageDAOProvider">
    		</bean>
		</property>
    </bean>
	<bean id="vesselLookupManagerTxProxy" abstract="true" class="org.springframework.transaction.interceptor.TransactionProxyFactoryBean">
        <property name="transactionManager" ref="transactionManager" />
        <property name="proxyTargetClass"><value>true</value></property>
        <property name="transactionAttributes">
             <props>
                <prop key="create*">PROPAGATION_REQUIRED</prop>
                <prop key="update*">PROPAGATION_REQUIRED</prop>
                <prop key="get*">PROPAGATION_REQUIRED,readOnly</prop>
                <prop key="*">PROPAGATION_REQUIRED</prop>
            </props>
        </property>
    </bean>
    <bean id="vesselLookupManager" parent="vesselLookupManagerTxProxy" scope="prototype">
		<property name="target">
			<bean class="codemaintenance.src.bto.controllerImpl.VesselLookupManagerImpl">
    		</bean>
		</property>
    </bean>	
    <bean id="vesselLookupPageDAOProviderTxProxy" abstract="true" class="org.springframework.transaction.interceptor.TransactionProxyFactoryBean">
        <property name="transactionManager" ref="transactionManager" />
        <property name="proxyTargetClass"><value>true</value></property>
        <property name="transactionAttributes">
            <props>
                <prop key="get*">PROPAGATION_REQUIRED,readOnly</prop>
            </props>
        </property>
    </bean>
    <bean id="vesselLookupPageDAOProvider" parent="vesselLookupPageDAOProviderTxProxy">
		<property name="target">
			<bean class="codemaintenance.src.bto.valueListHandler.VesselLookupPageDAOProvider">
    		</bean>
		</property>
    </bean> 
	   <bean id="portLookupManagerTxProxy" abstract="true" class="org.springframework.transaction.interceptor.TransactionProxyFactoryBean">
        <property name="transactionManager" ref="transactionManager" />
        <property name="proxyTargetClass"><value>true</value></property>
        <property name="transactionAttributes">
             <props>
                <prop key="create*">PROPAGATION_REQUIRED</prop>
                <prop key="update*">PROPAGATION_REQUIRED</prop>
                <prop key="get*">PROPAGATION_REQUIRED,readOnly</prop>
                <prop key="*">PROPAGATION_REQUIRED</prop>
            </props>
        </property>
    </bean>
    <bean id="portLookupManager" parent="portLookupManagerTxProxy" scope="prototype">
		<property name="target">
			<bean class="codemaintenance.src.bto.controllerImpl.PortLookupManagerImpl">
    		</bean>
		</property>
    </bean>	
    <bean id="portLookupPageDAOProviderTxProxy" abstract="true" class="org.springframework.transaction.interceptor.TransactionProxyFactoryBean">
        <property name="transactionManager" ref="transactionManager" />
        <property name="proxyTargetClass"><value>true</value></property>
        <property name="transactionAttributes">
            <props>
                <prop key="get*">PROPAGATION_REQUIRED,readOnly</prop>
            </props>
        </property>
    </bean>
    <bean id="portLookupPageDAOProvider" parent="portLookupPageDAOProviderTxProxy">
		<property name="target">
			<bean class="codemaintenance.src.bto.valueListHandler.PortLookupPageDAOProvider">
    		</bean>
		</property>
    </bean>  
     
 </beans>
    