<?xml version="1.0" encoding="UTF-8"?>


<weblogic-ejb-jar
        xmlns="http://www.bea.com/ns/weblogic/90" xmlns:j2ee="http://java.sun.com/xml/ns/j2ee"
        xmlns:xsi="http://www.w3.org/2001/XMLSchema-instance"
        xsi:schemaLocation="http://www.bea.com/ns/weblogic/90 http://www.bea.com/ns/weblogic/90/weblogic-ejb-jar.xsd">
    <!-- Call manager -->
    <weblogic-enterprise-bean>
         <ejb-name>MCDSEJB</ejb-name>
        <stateless-session-descriptor>
            <pool>
                <max-beans-in-free-pool>1000</max-beans-in-free-pool>
                <initial-beans-in-free-pool>1</initial-beans-in-free-pool>
            </pool>
        </stateless-session-descriptor>
        
        <jndi-name>gisil.vas.mcds</jndi-name>
    </weblogic-enterprise-bean>
</weblogic-ejb-jar>
