<?xml version="1.0"?>
<!DOCTYPE hibernate-mapping PUBLIC "-//Hibernate/Hibernate Mapping DTD 3.0//EN"
"http://hibernate.sourceforge.net/hibernate-mapping-3.0.dtd">
<!-- Generated Jul 13, 2007 2:54:59 PM by Hibernate Tools 3.2.0.beta7 -->
<hibernate-mapping>
    <class name="codemaintenance.src.dto.CountryLookup" table="CodeMaintenance_CountryLookup">
        <id name="countryCode" type="string">
            <column name="countryCode" length="2" />
            <generator class="assigned" />
        </id>
        <property name="countryName" type="string">
            <column name="countryName" length="50" not-null="true" />
        </property>
		<property name="countryCode2" type="string">
            <column name="countryCode2" length="4" />
        </property>
    </class>    
</hibernate-mapping>
