<?xml version="1.0"?>
<!DOCTYPE hibernate-mapping PUBLIC "-//Hibernate/Hibernate Mapping DTD 3.0//EN"
"http://hibernate.sourceforge.net/hibernate-mapping-3.0.dtd">
<!-- Generated Sep 14, 2007 9:25:48 AM by Hibernate Tools 3.2.0.b9 -->
<hibernate-mapping>
    <class name="codemaintenance.src.dto.CurrencyLookup" table="CodeMaintenance_CurrencyLookup" >
        <id name="currencyCode" type="string">
            <column name="currencyCode" length="3" />
            <generator class="assigned" />
        </id>
        <property name="currencyName" type="string">
            <column name="currencyName" length="45" not-null="true" />
        </property>
        <property name="countryName" type="string">
            <column name="countryName" length="50"  />
        </property>
      </class>
    <query name="hql.Currencydelete">DELETE FROM codemaintenance.src.dto.CurrencyLookup tg WHERE tg.currencyCode = :SelcurrencyCode</query>
</hibernate-mapping>
