<?xml version="1.0"?>
<!DOCTYPE hibernate-mapping PUBLIC "-//Hibernate/Hibernate Mapping DTD 3.0//EN"
"http://hibernate.sourceforge.net/hibernate-mapping-3.0.dtd">
<!-- Generated Jan 10, 2008 6:35:59 PM by Hibernate Tools 3.2.0.beta7 -->
<hibernate-mapping>
    <class name="codemaintenance.src.dto.PortLookup" table="CodeMaintenance_PortLookup" >
        <composite-id name="id" class="codemaintenance.src.dto.PortLookupId">
            <key-property name="portCode" type="string">
                <column name="portCode" length="3" />
            </key-property>
            <key-property name="isoCode" type="string">
                <column name="isoCode" length="2" />
            </key-property>
        </composite-id>
        <property name="portName" type="string">
            <column name="portName" length="70" not-null="true" />
        </property>
    </class>
</hibernate-mapping>
