<?xml version="1.0"?>
<!DOCTYPE hibernate-mapping PUBLIC "-//Hibernate/Hibernate Mapping DTD 3.0//EN"
"http://hibernate.sourceforge.net/hibernate-mapping-3.0.dtd">
<!-- Generated Dec 10, 2007 12:10:39 PM by Hibernate Tools 3.2.0.b9 -->
<hibernate-mapping>
    <class name="codemaintenance.src.dto.VesselLookup" table="CodeMaintenance_VesselLookup">
        <id name="vesselCode" type="string">
            <column name="vesselCode" length="8" />
            <generator class="assigned" />
        </id>
        <property name="vesselName" type="string">
            <column name="vesselName" length="50" not-null="true" />
        </property>
    </class>   
</hibernate-mapping>
