<?xml version="1.0" encoding="UTF-8"?>
<!DOCTYPE beans PUBLIC "-//SPRING//DTD BEAN//EN"
    "http://www.springframework.org/dtd/spring-beans-2.0.dtd">
    
<beans>	
	<!-- Hibernate -->
	<bean id="dataSource" class="org.springframework.jdbc.datasource.DriverManagerDataSource">
		<property name="driverClassName" value="com.microsoft.sqlserver.jdbc.SQLServerDriver" />
		<property name="url" value="jdbc:sqlserver://oracle:1433;DatabaseName=CrimsonLogic" />
		<property name="username" value="sa" />
		<property name="password" value="12345678" />
	</bean>
	<bean id="sessionFactory" class="org.springframework.orm.hibernate3.LocalSessionFactoryBean">
		<property name="dataSource" ref="dataSource"></property>
		<property name="useTransactionAwareDataSource" value="true" />
		<property name="mappingResources">
			<list>
				<value>docprep/src/dao/hbms/Activitylog.hbm.xml</value>
				<value>docprep/src/dao/hbms/DefaultSetup.hbm.xml</value>
				<value>docprep/src/dao/hbms/ExportDocument.hbm.xml</value>
				<value>docprep/src/dao/hbms/ReportCriteria.hbm.xml</value>
				<value>docprep/src/dao/hbms/ItemDetail.hbm.xml</value>
				<value>docprep/src/dao/hbms/MasterDocument.hbm.xml</value>
				<value>docprep/src/dao/hbms/PackageDetail.hbm.xml</value>
                <value>docprep/src/dao/hbms/PackingList.hbm.xml</value>
                <value>docprep/src/dao/hbms/PackingListItemDetail.hbm.xml</value>
				<value>docprep/src/dao/hbms/ForwardingList.hbm.xml</value>

				<value>billingsystem/src/dao/hbms/TaxInvoice.hbm.xml</value>
				
				<value>codemaintenance/src/dao/hbms/CountryLookup.hbm.xml</value> 
				<value>codemaintenance/src/dao/hbms/CurrencyLookup.hbm.xml</value>
				<value>codemaintenance/src/dao/hbms/PortLookup.hbm.xml</value>
				<value>codemaintenance/src/dao/hbms/VesselLookup.hbm.xml</value>  
								
				<value>userlookup/src/dao/hbms/TradingPartnerLookup.hbm.xml</value> 
				<value>userlookup/src/dao/hbms/CurrencyUserLookup.hbm.xml</value>
				<value>userlookup/src/dao/hbms/ProductUserLookup.hbm.xml</value>
				<value>userlookup/src/dao/hbms/ClausesUserLookup.hbm.xml</value>
				
				<value>usermgmt/src/dao/hbms/Person.hbm.xml</value>												
                <value>usermgmt/src/dao/hbms/Company.hbm.xml</value> 
                <value>usermgmt/src/dao/hbms/Module.hbm.xml</value>
                <value>usermgmt/src/dao/hbms/CompanyModule.hbm.xml</value>                	 
			</list>
		</property>
		<property name="hibernateProperties">
			<props>
				<prop key="connection.pool_size">1</prop>
				<prop key="hibernate.dialect">org.hibernate.dialect.SQLServerDialect</prop>
				<prop key="hibernate.show_sql">true</prop>
				<prop key="hibernate.generate_statistics">true</prop>
				<prop key="hibernate.cglib.use_reflection_optimizer">false</prop>  				
			</props>
		</property>
	</bean>
 
	<bean id="transactionManager" class="org.springframework.orm.hibernate3.HibernateTransactionManager">
		<property name="sessionFactory" ref="sessionFactory" />
	</bean>        			 
</beans>
    