<?xml version='1.0' encoding='UTF-8'?>
<!DOCTYPE hibernate-configuration PUBLIC
          "-//Hibernate/Hibernate Configuration DTD 3.0//EN"
          "http://hibernate.sourceforge.net/hibernate-configuration-3.0.dtd">

<!-- Generated by MyEclipse Hibernate Tools.                   -->
<hibernate-configuration>

  <session-factory>
    <!--  PostgreSQL connection 
    <property name="connection.url">jdbc:postgresql://localhost:5432/firsthibernate</property>
    <property name="connection.username">postgres</property>
    <property name="connection.password">p</property>
    <property name="connection.driver_class">org.postgresql.Driver</property>
    <property name="dialect">org.hibernate.dialect.PostgreSQLDialect</property>
	-->
     <!-- MySQL connection  -->
      <property name="connection.url">jdbc:oracle:thin:@192.168.20.20:1521:pluto</property>
      <property name="connection.username">mcdstry</property>
      <property name="connection.driver_class">oracle.jdbc.OracleDriver</property>
      <property name="dialect">org.hibernate.dialect.OracleDialect</property>
      <property name="connection.password">mcds123</property>
    
    <property name="transaction.factory_class">org.hibernate.transaction.JDBCTransactionFactory</property>
    <!--  thread is the short name for
      org.hibernate.context.ThreadLocalSessionContext
      and let Hibernate bind the session automatically to the thread
    -->
    <property name="current_session_context_class">thread</property>
    <!-- this will show us all sql statements -->
    <property name="hibernate.show_sql">true</property>
    <!-- this will create the database tables for us -->
    <property name="hibernate.hbm2ddl.auto">create</property>
    <mapping resource="de/laliluna/example/Honey.hbm.xml" />

  </session-factory>

</hibernate-configuration>
