<?xml version="1.0" encoding="UTF-8"?>
<!DOCTYPE beans PUBLIC "-//SPRING//DTD BEAN//EN"
    "http://www.springframework.org/dtd/spring-beans-2.0.dtd">    
<beans>
		 
	<bean id="tradingPartnerLookupManagerTxProxy" abstract="true" class="org.springframework.transaction.interceptor.TransactionProxyFactoryBean">
        <property name="transactionManager" ref="transactionManager" />
        <property name="proxyTargetClass"><value>true</value></property>
        <property name="transactionAttributes">
             <props>
                <prop key="get*">PROPAGATION_REQUIRED,readOnly</prop>
                <prop key="*">PROPAGATION_REQUIRED</prop>
            </props>
        </property>
    </bean>
    <bean id="tradingPartnerLookupManager" parent="tradingPartnerLookupManagerTxProxy" scope="prototype">
		<property name="target">
			<bean class="userlookup.src.bto.controllerImpl.TradingPartnerLookupManagerImpl">
    		</bean>
		</property>
    </bean>	
    <bean id="tradingPartnerLookupPageDAOProviderTxProxy" abstract="true" class="org.springframework.transaction.interceptor.TransactionProxyFactoryBean">
        <property name="transactionManager" ref="transactionManager" />
        <property name="proxyTargetClass"><value>true</value></property>
        <property name="transactionAttributes">
            <props>
                <prop key="get*">PROPAGATION_REQUIRED,readOnly</prop>
            </props>
        </property>
    </bean>
    <bean id="tradingPartnerLookupPageDAOProvider" parent="tradingPartnerLookupPageDAOProviderTxProxy">
		<property name="target">
			<bean class="userlookup.src.bto.valueListHandler.TradingPartnerLookupPageDAOProvider">
    		</bean>
		</property>
    </bean>  
     
	<bean id="countryUserLookupManagerTxProxy" abstract="true" class="org.springframework.transaction.interceptor.TransactionProxyFactoryBean">
        <property name="transactionManager" ref="transactionManager" />
        <property name="proxyTargetClass"><value>true</value></property>
        <property name="transactionAttributes">
             <props>
                <prop key="get*">PROPAGATION_REQUIRED,readOnly</prop>
                <prop key="*">PROPAGATION_REQUIRED</prop>
            </props>
        </property>
    </bean>
   <bean id="currencyUserLookupManagerTxProxy" abstract="true" class="org.springframework.transaction.interceptor.TransactionProxyFactoryBean">
        <property name="transactionManager" ref="transactionManager" />
        <property name="proxyTargetClass"><value>true</value></property>
        <property name="transactionAttributes">
             <props>
                <prop key="get*">PROPAGATION_REQUIRED,readOnly</prop>
                <prop key="*">PROPAGATION_REQUIRED</prop>
            </props>
        </property>
    </bean>
    <bean id="currencyUserLookupManager" parent="currencyUserLookupManagerTxProxy" scope="prototype">
		<property name="target">
			<bean class="userlookup.src.bto.controllerImpl.CurrencyUserLookupManagerImpl">
    		</bean>
		</property>
    </bean>	
    <bean id="currencyUserLookupPageDAOProviderTxProxy" abstract="true" class="org.springframework.transaction.interceptor.TransactionProxyFactoryBean">
        <property name="transactionManager" ref="transactionManager" />
        <property name="proxyTargetClass"><value>true</value></property>
        <property name="transactionAttributes">
            <props>
                <prop key="get*">PROPAGATION_REQUIRED,readOnly</prop>
            </props>
        </property>
    </bean>
    <bean id="currencyUserLookupPageDAOProvider" parent="currencyUserLookupPageDAOProviderTxProxy">
		<property name="target">
			<bean class="userlookup.src.bto.valueListHandler.CurrencyUserLookupPageDAOProvider">
    		</bean>
		</property>
    </bean>       

    <bean id="productUserLookupManagerTxProxy" abstract="true" class="org.springframework.transaction.interceptor.TransactionProxyFactoryBean">
        <property name="transactionManager" ref="transactionManager" />
        <property name="proxyTargetClass"><value>true</value></property>
        <property name="transactionAttributes">
             <props>
                <prop key="get*">PROPAGATION_REQUIRED,readOnly</prop>
                <prop key="*">PROPAGATION_REQUIRED</prop>
            </props>
        </property>
    </bean>
    <bean id="productUserLookupManager" parent="productUserLookupManagerTxProxy" scope="prototype">
		<property name="target">
			<bean class="userlookup.src.bto.controllerImpl.ProductUserLookupManagerImpl">
    		</bean>
		</property>
    </bean>	
    <bean id="productUserLookupPageDAOProviderTxProxy" abstract="true" class="org.springframework.transaction.interceptor.TransactionProxyFactoryBean">
        <property name="transactionManager" ref="transactionManager" />
        <property name="proxyTargetClass"><value>true</value></property>
        <property name="transactionAttributes">
            <props>
                <prop key="get*">PROPAGATION_REQUIRED,readOnly</prop>
            </props>
        </property>
    </bean>
    <bean id="productUserLookupPageDAOProvider" parent="productUserLookupPageDAOProviderTxProxy">
		<property name="target">
			<bean class="userlookup.src.bto.valueListHandler.ProductUserLookupPageDAOProvider">
    		</bean>
		</property>
    </bean>  
    <bean id="clausesUserLookupManagerTxProxy" abstract="true" class="org.springframework.transaction.interceptor.TransactionProxyFactoryBean">
        <property name="transactionManager" ref="transactionManager" />
        <property name="proxyTargetClass"><value>true</value></property>
        <property name="transactionAttributes">
             <props>
                <prop key="get*">PROPAGATION_REQUIRED,readOnly</prop>
                <prop key="*">PROPAGATION_REQUIRED</prop>
            </props>
        </property>
    </bean>
    <bean id="clausesUserLookupManager" parent="clausesUserLookupManagerTxProxy" scope="prototype">
		<property name="target">
			<bean class="userlookup.src.bto.controllerImpl.ClausesUserLookupManagerImpl">
    		</bean>
		</property>
    </bean>	
    <bean id="clausesUserLookupPageDAOProviderTxProxy" abstract="true" class="org.springframework.transaction.interceptor.TransactionProxyFactoryBean">
        <property name="transactionManager" ref="transactionManager" />
        <property name="proxyTargetClass"><value>true</value></property>
        <property name="transactionAttributes">
            <props>
                <prop key="get*">PROPAGATION_REQUIRED,readOnly</prop>
            </props>
        </property>
    </bean>
    <bean id="clausesUserLookupPageDAOProvider" parent="clausesUserLookupPageDAOProviderTxProxy">
		<property name="target">
			<bean class="userlookup.src.bto.valueListHandler.ClausesUserLookupPageDAOProvider">
    		</bean>
		</property>
    </bean>  
 </beans>