<?xml version="1.0" encoding="UTF-8"?>
<beans xmlns="http://www.springframework.org/schema/beans"
xmlns:xsi="http://www.w3.org/2001/XMLSchema-instance"
xmlns:util="http://www.springframework.org/schema/util"
xsi:schemaLocation="http://www.springframework.org/schema/beans http://www.springframework.org/schema/beans/spring-beans.xsd
http://www.springframework.org/schema/util http://www.springframework.org/schema/util/spring-util.xsd">
    
    <!--  start********************************** -->
    
    <bean id="personDAO" class="usermgmt.src.dao.impl.PersonDAOImpl">
        <property name="sessionFactory" ref="sessionFactory"/>
    </bean>
    
    <bean id="companyDAO" class="usermgmt.src.dao.impl.CompanyDAOImpl">
        <property name="sessionFactory" ref="sessionFactory"/>
    </bean>       
    
    <bean id="companyModuleDAO" class="usermgmt.src.dao.impl.CompanyModuleDAOImpl">
        <property name="sessionFactory" ref="sessionFactory"/>
    </bean>       
    
    <bean id="moduleDAO" class="usermgmt.src.dao.impl.ModuleDAOImpl">
        <property name="sessionFactory" ref="sessionFactory"/>
    </bean>  
    
 </beans>
    