<?xml version="1.0" encoding="UTF-8"?>
<beans xmlns="http://www.springframework.org/schema/beans"
xmlns:xsi="http://www.w3.org/2001/XMLSchema-instance"
xmlns:util="http://www.springframework.org/schema/util"
xsi:schemaLocation="http://www.springframework.org/schema/beans http://www.springframework.org/schema/beans/spring-beans.xsd
http://www.springframework.org/schema/util http://www.springframework.org/schema/util/spring-util.xsd">

    <!--  start********************************** -->
        
    <bean id="exportDocumentDAO" class="docprep.src.dao.impl.ExportDocumentDAOImpl">
        <property name="sessionFactory" ref="sessionFactory"/>
    </bean>                     
    <bean id="activityLogDAO" class="docprep.src.dao.impl.ActivityLogDAOImpl">
        <property name="sessionFactory" ref="sessionFactory"/>
    </bean>
	<bean id="itemDetailDAO" class="docprep.src.dao.impl.ItemDetailDAOImpl">
        <property name="sessionFactory" ref="sessionFactory"/>
    </bean> 
	<bean id="packageDetailDAO" class="docprep.src.dao.impl.PackageDetailDAOImpl">
        <property name="sessionFactory" ref="sessionFactory"/>
    </bean> 
	<bean id="masterDocumentDAO" class="docprep.src.dao.impl.MasterDocumentDAOImpl">
        <property name="sessionFactory" ref="sessionFactory"/>
    </bean>         
	<bean id="defaultSetupDAO" class="docprep.src.dao.impl.DefaultSetupDAOImpl">
        <property name="sessionFactory" ref="sessionFactory"/>
    </bean> 
    <bean id="packingListDAO" class="docprep.src.dao.impl.PackingListDAOImpl">
        <property name="sessionFactory" ref="sessionFactory"/>
    </bean> 
   <bean id="packingListItemDetailDAO" class="docprep.src.dao.impl.PackingListItemDetailDAOImpl">
        <property name="sessionFactory" ref="sessionFactory"/>
    </bean>
	<bean id="forwardingListDAO" class="docprep.src.dao.impl.ForwardingListDAOImpl">
        <property name="sessionFactory" ref="sessionFactory"/>
    </bean>  
 </beans>
    