<?xml version="1.0" encoding="UTF-8"?>
<!DOCTYPE beans PUBLIC "-//SPRING//DTD BEAN//EN"
    "http://www.springframework.org/dtd/spring-beans-2.0.dtd">
    
<beans>	
	    			    
	<bean id="btoMainTarget" class="docprep.src.bto.main.BTOMain">
    </bean>
    <bean id="btoMain" class="org.springframework.transaction.interceptor.TransactionProxyFactoryBean">
        <property name="transactionManager" ref="transactionManager" />
        <property name="target" ref="btoMainTarget" />
        <property name="transactionAttributes">
            <props>
                <prop key="check*">PROPAGATION_REQUIRED,readOnly</prop>
                <prop key="login">PROPAGATION_REQUIRED,readOnly</prop>
            </props>
        </property>
    </bean>

	<bean id="signedInUserTxProxy" abstract="true" class="org.springframework.transaction.interceptor.TransactionProxyFactoryBean">
        <property name="transactionManager" ref="transactionManager" />
        <property name="proxyTargetClass"><value>true</value></property>
        <property name="transactionAttributes">
            <props>
                <prop key="set*">PROPAGATION_REQUIRED,readOnly</prop>
            </props>
        </property>
    </bean>
    <bean id="signedInUser" parent="signedInUserTxProxy" scope="prototype">
		<property name="target">
			<bean class="docprep.src.bto.main.SignedInUserImpl">	
			  	<property name="endUserEnvironment" ref="endUserEnvironment" />				
				<property name="adminEnvironment" ref="adminEnvironment" /> 
			</bean>
		</property>
    </bean>
 	 	
    <bean id="endUserEnvironmentTxProxy" abstract="true" class="org.springframework.transaction.interceptor.TransactionProxyFactoryBean">
        <property name="transactionManager" ref="transactionManager" />
        <property name="proxyTargetClass"><value>true</value></property>
        <property name="transactionAttributes">
            <props>
            	<prop key="update*">PROPAGATION_REQUIRED</prop>
            	<prop key="get*">PROPAGATION_REQUIRED,readOnly</prop>
                <prop key="*">PROPAGATION_REQUIRED</prop>
            </props>
        </property> 
    </bean>
    
    <bean id="endUserEnvironment" parent="endUserEnvironmentTxProxy" scope="prototype">
		<property name="target">
			<bean class="docprep.src.bto.userAccessImpl.EndUserEnvironmentImpl">
    		</bean>
		</property>
    </bean>	

	<bean id="adminEnvironmentTxProxy" abstract="true" class="org.springframework.transaction.interceptor.TransactionProxyFactoryBean">
        <property name="transactionManager" ref="transactionManager" />
        <property name="proxyTargetClass"><value>true</value></property>
        <property name="transactionAttributes">
            <props>
                <prop key="update*">PROPAGATION_REQUIRED</prop>
            	<prop key="get*">PROPAGATION_REQUIRED,readOnly</prop>
                <prop key="*">PROPAGATION_REQUIRED</prop>
            </props>
        </property>
    </bean>
    
    <bean id="adminEnvironment" parent="adminEnvironmentTxProxy" scope="prototype">
		<property name="target">
			<bean class="docprep.src.bto.userAccessImpl.AdminEnvironmentImpl">
    		</bean>
		</property>
    </bean>
    
	<bean id="ExportDocumentManagerTxProxy" abstract="true" class="org.springframework.transaction.interceptor.TransactionProxyFactoryBean">
        <property name="transactionManager" ref="transactionManager" />
        <property name="proxyTargetClass"><value>true</value></property>
        <property name="transactionAttributes">
             <props>
                <prop key="create*">PROPAGATION_REQUIRED</prop>
                <prop key="update*">PROPAGATION_REQUIRED</prop>
                <prop key="get*">PROPAGATION_REQUIRED,readOnly</prop>
                <prop key="*">PROPAGATION_REQUIRED</prop>
            </props>
        </property>
    </bean>
    <bean id="exportDocumentManager" parent="ExportDocumentManagerTxProxy" scope="prototype">
		<property name="target">
			<bean class="docprep.src.bto.controllerImpl.ExportDocumentManagerImpl">
    		</bean>
		</property>
    </bean>
	<bean id="exportDocumentPageDAOProviderTxProxy" abstract="true" class="org.springframework.transaction.interceptor.TransactionProxyFactoryBean">
        <property name="transactionManager" ref="transactionManager" />
        <property name="proxyTargetClass"><value>true</value></property>
        <property name="transactionAttributes">
            <props>
                <prop key="get*">PROPAGATION_REQUIRED,readOnly</prop>
            </props>
        </property>
    </bean>
    <bean id="exportDocumentPageDAOProvider" parent="exportDocumentPageDAOProviderTxProxy">
		<property name="target">
			<bean class="docprep.src.bto.valueListHandler.ExportDocumentPageDAOProvider">
    		</bean>
		</property> 
    </bean>

	<bean id="DocumentMgmtManagerTxProxy" abstract="true" class="org.springframework.transaction.interceptor.TransactionProxyFactoryBean">
		<property name="transactionManager" ref="transactionManager" />
        <property name="proxyTargetClass"><value>true</value></property>
        <property name="transactionAttributes">
             <props>
                <prop key="create*">PROPAGATION_REQUIRED</prop>
                <prop key="update*">PROPAGATION_REQUIRED</prop>
                <prop key="get*">PROPAGATION_REQUIRED,readOnly</prop>
                <prop key="*">PROPAGATION_REQUIRED</prop>
            </props>
        </property>
	</bean>
	 <bean id="documentMgmtManager" parent="DocumentMgmtManagerTxProxy" scope="prototype">
		<property name="target">
			<bean class="docprep.src.bto.controllerImpl.DocumentMgmtManagerImpl">
    		</bean>
		</property>
    </bean>
		
	<bean id="activityLogManagerTxProxy" abstract="true" class="org.springframework.transaction.interceptor.TransactionProxyFactoryBean">
        <property name="transactionManager" ref="transactionManager" />
        <property name="proxyTargetClass"><value>true</value></property>
        <property name="transactionAttributes">
            <props>
                <prop key="add*">PROPAGATION_REQUIRED</prop>
                <prop key="get*">PROPAGATION_REQUIRED,readOnly</prop>
                <prop key="*">PROPAGATION_REQUIRED</prop>
            </props>
        </property>
    </bean>
    <bean id="activityLogManager" parent="activityLogManagerTxProxy">
		<property name="target">
			<bean class="docprep.src.bto.controllerImpl.ActivityLogManagerImpl" >
    		</bean>
		</property>
    </bean>
	 <bean id="activityLogPageDAOProviderTxProxy" abstract="true" class="org.springframework.transaction.interceptor.TransactionProxyFactoryBean">
        <property name="transactionManager" ref="transactionManager" />
        <property name="proxyTargetClass"><value>true</value></property>
        <property name="transactionAttributes">
            <props>
                <prop key="get*">PROPAGATION_REQUIRED,readOnly</prop>
            </props>
        </property>
    </bean>
    <bean id="activityLogPageDAOProvider" parent="activityLogPageDAOProviderTxProxy">
		<property name="target">
			<bean class="docprep.src.bto.valueListHandler.ActivityLogPageDAOProvider" >
    		</bean>
		</property>
    </bean>
     <bean id="DocReportManagerTxProxy" abstract="true" class="org.springframework.transaction.interceptor.TransactionProxyFactoryBean">
		<property name="transactionManager" ref="transactionManager" />
        <property name="proxyTargetClass"><value>true</value></property>
        <property name="transactionAttributes">
             <props>
                <prop key="create*">PROPAGATION_REQUIRED</prop>
                <prop key="update*">PROPAGATION_REQUIRED</prop>
                <prop key="get*">PROPAGATION_REQUIRED,readOnly</prop>
                <prop key="*">PROPAGATION_REQUIRED</prop>
            </props>
        </property>
	</bean>
	 <bean id="docReportManager" parent="DocReportManagerTxProxy" scope="prototype">
		<property name="target">
			<bean class="docprep.src.bto.controllerImpl.DocReportManagerImpl">
    		</bean>
		</property>
    </bean>   
	
	 <bean id="DefaultSetupManagerTxProxy" abstract="true" class="org.springframework.transaction.interceptor.TransactionProxyFactoryBean">
		<property name="transactionManager" ref="transactionManager" />
        <property name="proxyTargetClass"><value>true</value></property>
        <property name="transactionAttributes">
             <props>
                <prop key="create*">PROPAGATION_REQUIRED</prop>
                <prop key="update*">PROPAGATION_REQUIRED</prop>
                <prop key="get*">PROPAGATION_REQUIRED,readOnly</prop>
                <prop key="*">PROPAGATION_REQUIRED</prop>
            </props>
        </property>
	</bean>
	 <bean id="defaultSetupManager" parent="DefaultSetupManagerTxProxy" scope="prototype">
		<property name="target">
			<bean class="docprep.src.bto.controllerImpl.DefaultSetupManagerImpl">
    		</bean>
		</property>
    </bean>  
</beans>
    