<?xml version="1.0"?>
<!DOCTYPE hibernate-mapping PUBLIC "-//Hibernate/Hibernate Mapping DTD 3.0//EN"
"http://hibernate.sourceforge.net/hibernate-mapping-3.0.dtd">
<!-- Generated Nov 17, 2006 10:46:14 AM by Hibernate Tools 3.2.0.beta7 -->
<hibernate-mapping>
    <class name="docprep.src.dto.Activitylog" table="activitylog" >
        <comment></comment>
         <id name="activityId" type="int">
           <column name="ActivityId" />
            <generator class="native" />
        </id>
         <property name="userId" type="string">
            <column name="UserId" length="20" not-null="true">
                <comment></comment>
            </column>
        </property>
         <property name="siteId" type="string">
            <column name="SiteId" length="20" not-null="true">
                <comment></comment>
            </column>
        </property>       
        <property name="activityDate" type="timestamp">
            <column name="ActivityDate" length="19" not-null="true">
                <comment></comment>
            </column>
        </property>
        <property name="activityType" type="string">
            <column name="ActivityType" length="64" not-null="true">
                <comment></comment>
            </column>
        </property>
        <property name="activityDesc" type="string">
            <column name="ActivityDesc" length="300" not-null="true">
                <comment></comment>
            </column>
        </property>
        <property name="ipaddress" type="string">
            <column name="IPAddress" length="64" not-null="true">
                <comment></comment>
            </column>
        </property>
        
    </class>
</hibernate-mapping>
