<?xml version="1.0"?>
<!DOCTYPE hibernate-mapping PUBLIC "-//Hibernate/Hibernate Mapping DTD 3.0//EN"
"http://hibernate.sourceforge.net/hibernate-mapping-3.0.dtd">
<!-- Generated Nov 13, 2008 3:40:07 PM by Hibernate Tools 3.2.0.beta7 -->
<hibernate-mapping>
    <class name="docprep.src.dto.DefaultSetup" table="dp_defaultSetup" >
        <composite-id name="id" class="docprep.src.dto.DefaultSetupId">
            <key-property name="siteId" type="string">
                <column name="siteId" length="20" />
            </key-property>
            <key-property name="userId" type="string">
                <column name="userId" length="20" />
            </key-property>
        </composite-id>
        <property name="transferExportname" type="string">
            <column name="transferExportname" length="40" />
        </property>
        <property name="countryCode" type="string">
            <column name="countryCode" length="4" />
        </property>
        <property name="currencyCode" type="string">
            <column name="currencyCode" length="20" />
        </property>
        <property name="formatofDate" type="string">
            <column name="formatofDate" length="10" />
        </property>
        <property name="maxEntries" type="java.lang.Integer">
            <column name="maxEntries" />
        </property>
        <property name="printLogo" type="binary">
            <column name="printLogo" />
        </property>
        <property name="printSignature" type="binary">
            <column name="printSignature" />
        </property>
        <property name="defaultDocIdFlag" type="java.lang.Integer">
            <column name="defaultDocIdFlag" />
        </property>
        <property name="defaultDocId" type="java.lang.Integer">
            <column name="defaultDocId" />
        </property>
        <property name="docIdBeginsWith" type="string">
            <column name="docIdBeginsWith" length="10" />
        </property>
        <property name="currentDocId" type="java.lang.Integer">
            <column name="currentDocId" />
        </property>
        <property name="buyerId" type="string">
            <column name="buyerId" length="35" />
        </property>
        <property name="consigneeId" type="string">
            <column name="consigneeId" length="35" />
        </property>
        <property name="exporterId" type="string">
            <column name="exporterId" length="35" />
        </property>
        <property name="manufacturerId" type="string">
            <column name="manufacturerId" length="35" />
        </property>
        <property name="forwardingAgentId" type="string">
            <column name="forwardingAgentId" length="35" />
        </property>
        <property name="termId" type="string">
            <column name="termId" length="20" />
        </property>
        <property name="clauseId" type="string">
            <column name="clauseId" length="20" />
        </property>
		<property name="isoCode" type="string">
            <column name="isoCode" length="2" />
        </property>
        <property name="portCode" type="string">
            <column name="portCode" length="3" />
        </property>
        <property name="portofDischarge1" type="string">
            <column name="portofDischarge1" length="27" />
        </property>
		<property name="portofDischarge2" type="string">
            <column name="portofDischarge2" length="27" />
        </property>
        <property name="specialConditionsId" type="string">
            <column name="specialConditionsId" length="20" />
        </property>
		<property name="finalDestIsoCode" type="string">
            <column name="finalDestIsoCode" length="2" />
        </property>
        <property name="finalDestCode" type="string">
            <column name="finalDestCode" length="3" />
        </property>
        <property name="finalDestination1" type="string">
            <column name="finalDestination1" length="27" />
        </property>
		<property name="finalDestination2" type="string">
            <column name="finalDestination2" length="27" />
        </property>
		<property name="comments" type="string">
            <column name="comments" length="50" />
        </property>
    </class>
</hibernate-mapping>
