<?xml version="1.0"?>
<!DOCTYPE hibernate-mapping PUBLIC "-//Hibernate/Hibernate Mapping DTD 3.0//EN"
"http://hibernate.sourceforge.net/hibernate-mapping-3.0.dtd">
<!-- Generated Sep 15, 2008 10:37:56 AM by Hibernate Tools 3.2.0.beta7 -->
<hibernate-mapping>
    <class name="docprep.src.dto.ExportDocument" table="dp_ExportDocument" >
        <id name="sysDocId" type="long">
            <column name="sysDocId" precision="11" scale="0" />
            <generator class="native" />
        </id>
        <property name="docId" type="string">
            <column name="docId" length="20" not-null="true" />
        </property>
        <property name="siteId" type="string">
            <column name="siteId" length="20" not-null="true" />
        </property>
        <property name="userId" type="string">
            <column name="userId" length="20" not-null="true" />
        </property>
        <property name="parentId" type="long">
            <column name="parentId" precision="11" scale="0" not-null="true" />
        </property>
        <property name="docTypeCode" type="string">
            <column name="docTypeCode" length="20" not-null="true" />
        </property>
        <property name="docTypeVersion" type="java.lang.Integer">
            <column name="docTypeVersion" not-null="true" />
        </property>      
        <property name="exporterReference" type="string">
            <column name="exporterReference" length="23" not-null="true" />
        </property>
		<property name="buyerReference" type="string">
            <column name="buyerReference" length="16" />
        </property>
        <property name="buyerName" type="string">
            <column name="buyerName" length="53" not-null="true" />
        </property>
		<property name="edn" type="string">
            <column name="edn" length="23" />
        </property>
		<property name="invoiceNumber" type="string">
            <column name="invoiceNumber" length="16" not-null="true" />
        </property>
        <property name="invoiceDate" type="timestamp">
            <column name="invoiceDate" length="25" not-null="true" />
        </property>
        <property name="status" type="java.lang.Integer">
            <column name="status" not-null="true" />
        </property>
        <property name="inceptionDate" type="timestamp">
            <column name="inceptionDate" length="23" not-null="true" />
        </property>
        <property name="lastUpdateDate" type="timestamp">
            <column name="lastUpdateDate" length="23" not-null="true" />
        </property>
        <property name="formTemplateCode" type="java.lang.Integer">
            <column name="formTemplateCode" not-null="true" />
        </property>
        <property name="printTemplateCode" type="java.lang.Integer">
            <column name="printTemplateCode" not-null="true" />
        </property>
        <property name="sendToFreightForwarder" type="java.lang.Integer">
            <column name="sendToFreightForwarder" />
        </property>
    </class>
 <query name="hql.DeleteMasterDocument">DELETE FROM docprep.src.dto.MasterDocument tg WHERE tg.id.sysDocId = :selSysDocId</query>
</hibernate-mapping>
