<?xml version="1.0"?>
<!DOCTYPE hibernate-mapping PUBLIC "-//Hibernate/Hibernate Mapping DTD 3.0//EN"
"http://hibernate.sourceforge.net/hibernate-mapping-3.0.dtd">
<hibernate-mapping>
    <class name="docprep.src.dto.ForwardingList" table="dp_ForwardingList">
        <id name="sysDocId" type="long">
            <column name="sysDocId" precision="11" scale="0" />
            <generator class="assigned" />
        </id>
       <property name="valueForCustoms" type="string">
            <column name="valueForCustoms" length="20"  not-null="true" />
        </property> 
        <property name="hhFlag" type="java.lang.Boolean">
            <column name="hhFlag" />
        </property>
        <property name="hpFlag" type="java.lang.Boolean">
            <column name="hpFlag" />
        </property>
        <property name="ppFlag" type="java.lang.Boolean">
            <column name="ppFlag" />
        </property>
        <property name="phFlag" type="java.lang.Boolean">
            <column name="phFlag" />
        </property>
        <property name="lclLclFlag" type="java.lang.Boolean">
            <column name="lclLclFlag" />
        </property>
        <property name="fclFclFlag" type="java.lang.Boolean">
            <column name="fclFclFlag" />
        </property>
        <property name="fclLclFlag" type="java.lang.Boolean">
            <column name="fclLclFlag" />
        </property>
        <property name="lclFclFlag" type="java.lang.Boolean">
            <column name="lclFclFlag" />
        </property>
        <property name="breakBulkFlag" type="java.lang.Boolean">
            <column name="breakBulkFlag" />
        </property>
        <property name="blShippingCompanyFlag" type="java.lang.Boolean">
            <column name="blShippingCompanyFlag" />
        </property>
        <property name="blShipperFlag" type="java.lang.Boolean">
            <column name="blShipperFlag" />
        </property> 		     
    </class>
<query name="hql.DeleteForwardingList">DELETE FROM docprep.src.dto.ForwardingList tg WHERE tg.id.sysDocId = :selSysDocId</query>
</hibernate-mapping>
