<?xml version="1.0"?>
<!DOCTYPE hibernate-mapping PUBLIC "-//Hibernate/Hibernate Mapping DTD 3.0//EN"
"http://hibernate.sourceforge.net/hibernate-mapping-3.0.dtd">
<!-- Generated Nov 13, 2008 3:17:59 PM by Hibernate Tools 3.2.2.GA -->
<hibernate-mapping>
    <class name="docprep.src.dto.ItemDetail" table="dp_ItemDetail" >
        <composite-id name="id" class="docprep.src.dto.ItemDetailId">
            <key-property name="sysDocId" type="long">
                <column name="sysDocId" precision="11" scale="0" />
            </key-property>
            <key-property name="lineNumber" type="int">
                <column name="lineNumber" />
            </key-property>
        </composite-id>
        <property name="productCode" type="string">
            <column name="productCode" length="20" />
        </property>
        <property name="description" type="string">
            <column name="description" length="40" />
        </property>
        <property name="quantity" type="string">
            <column name="quantity" length="9" />
        </property>
        <property name="unitPrice" type="string">
            <column name="unitPrice" length="9" />
        </property>
        <property name="hsCode" type="string">
            <column name="hsCode" length="20" />
        </property>
        <property name="unitOfMeasure" type="string">
            <column name="unitOfMeasure" length="10" />
        </property>
        <property name="countryOfOrigin" type="string">
            <column name="countryOfOrigin" length="18" />
        </property>
        <property name="numberOfPackages" type="string">
            <column name="numberOfPackages" length="8" />
        </property>
        <property name="netCost" type="string">
            <column name="netCost" length="10" />
        </property>
        <property name="producer" type="string">
            <column name="producer" length="20" />
        </property>
        <property name="prefCrit" type="string">
            <column name="prefCrit" length="20" />
        </property>
        <property name="totalPrice" type="string">
            <column name="totalPrice" length="14" />
        </property>
        <property name="containerNo" type="string">
            <column name="containerNo" length="11" />
        </property>
        <property name="sealNo" type="string">
            <column name="sealNo" length="6" />
        </property>
	</class>
	<query name="hql.DeleteItemDetailLines">DELETE FROM docprep.src.dto.ItemDetail tg WHERE tg.id.sysDocId = :selSysDocId</query>
</hibernate-mapping>
