<?xml version="1.0"?>
<!DOCTYPE hibernate-mapping PUBLIC "-//Hibernate/Hibernate Mapping DTD 3.0//EN"
"http://hibernate.sourceforge.net/hibernate-mapping-3.0.dtd">
<!-- Generated Oct 25, 2008 3:16:52 PM by Hibernate Tools 3.2.0.beta7 -->
<hibernate-mapping>
    <class name="docprep.src.dto.MasterDocument" table="dp_MasterDocument">
        <id name="sysDocId" type="long">
            <column name="sysDocId" precision="11" scale="0" />
            <generator class="assigned" />
        </id>
		<property name="docId" type="string">
            <column name="docId" length="20" not-null="true" />
        </property>
        <property name="docTypeCode" type="string">
            <column name="docTypeCode" length="20" not-null="true" />
        </property>
        <property name="docStatus" type="java.lang.Integer">
            <column name="docStatus" not-null="true" />
        </property>
        <property name="exporterReference" type="string">
            <column name="exporterReference" length="23" />
        </property>
        <property name="buyerReference" type="string">
            <column name="buyerReference" length="16" />
        </property>
        <property name="shippingCo" type="string">
            <column name="shippingCo" length="17" />
        </property>
        <property name="advisingBKRef" type="string">
            <column name="advisingBKRef" length="60" />
        </property>
        <property name="exportPermitNo" type="string">
            <column name="exportPermitNo" length="60" />
        </property>
        <property name="agentReference" type="string">
            <column name="agentReference" length="16" />
        </property>
        <property name="nameofShipping" type="string">
            <column name="nameofShipping" length="54" />
        </property>
        <property name="edn" type="string">
            <column name="edn" length="23" />
        </property>
        <property name="ednStatus" type="string">
            <column name="ednStatus" length="60" />
        </property>
        <property name="invoiceNumber" type="string">
            <column name="invoiceNumber" length="16" />
        </property>
        <property name="invoiceDate" type="string">
            <column name="invoiceDate" length="25" />
        </property>
        <property name="invoiceValueUSD" type="string">
            <column name="invoiceValueUSD" length="30" />
        </property>
        <property name="exchangeRate" type="string">
            <column name="exchangeRate" length="11" />
        </property>
        <property name="insuredValue" type="string">
            <column name="insuredValue" length="30" />
        </property>
        <property name="onBoardBLDate" type="string">
            <column name="onBoardBLDate" length="25" />
        </property>
        <property name="numberofOriginal" type="string">
            <column name="numberofOriginal" length="2" />
        </property>
        <property name="numberofcopy" type="string">
            <column name="numberofcopy" length="2" />
        </property>
        <property name="exporterName" type="string">
            <column name="exporterName" length="53" />
        </property>
        <property name="exporterAbnNo" type="string">
            <column name="exporterAbnNo" length="15" />
        </property>
        <property name="exporterStreetNo" type="string">
            <column name="exporterStreetNo" length="53" />
        </property>
        <property name="exporterStreetName" type="string">
            <column name="exporterStreetName" length="53" />
        </property>
        <property name="exporterCity" type="string">
            <column name="exporterCity" length="53" />
        </property>
        <property name="exporterState" type="string">
            <column name="exporterState" length="53" />
        </property>
        <property name="exporterCountry" type="string">
            <column name="exporterCountry" length="53" />
        </property>
        <property name="agentName" type="string">
            <column name="agentName" length="53" />
        </property>
        <property name="agentStreetNo" type="string">
            <column name="agentStreetNo" length="53" />
        </property>
        <property name="agentStreetName" type="string">
            <column name="agentStreetName" length="53" />
        </property>
        <property name="agentCity" type="string">
            <column name="agentCity" length="53" />
        </property>
        <property name="agentState" type="string">
            <column name="agentState" length="53" />
        </property>
        <property name="agentCountry" type="string">
            <column name="agentCountry" length="53" />
        </property>
        <property name="buyerName" type="string">
            <column name="buyerName" length="53" />
        </property>
        <property name="buyerStreetNo" type="string">
            <column name="buyerStreetNo" length="53" />
        </property>
        <property name="buyerStreetName" type="string">
            <column name="buyerStreetName" length="53" />
        </property>
        <property name="buyerCity" type="string">
            <column name="buyerCity" length="53" />
        </property>
        <property name="buyerState" type="string">
            <column name="buyerState" length="53" />
        </property>
        <property name="buyerCountry" type="string">
            <column name="buyerCountry" length="53" />
        </property>
        <property name="consigneeName" type="string">
            <column name="consigneeName" length="53" />
        </property>
        <property name="consigneeStreetNo" type="string">
            <column name="consigneeStreetNo" length="53" />
        </property>
        <property name="consigneeStreetName" type="string">
            <column name="consigneeStreetName" length="53" />
        </property>
        <property name="consigneeCity" type="string">
            <column name="consigneeCity" length="53" />
        </property>
        <property name="consigneeState" type="string">
            <column name="consigneeState" length="53" />
        </property>
        <property name="consigneeCountry" type="string">
            <column name="consigneeCountry" length="53" />
        </property>
        <property name="manufacturerName" type="string">
            <column name="manufacturerName" length="53" />
        </property>
        <property name="manufacturerStreetNo" type="string">
            <column name="manufacturerStreetNo" length="53" />
        </property>
        <property name="manufacturerStreetName" type="string">
            <column name="manufacturerStreetName" length="53" />
        </property>
        <property name="manufacturerCity" type="string">
            <column name="manufacturerCity" length="53" />
        </property>
        <property name="manufacturerState" type="string">
            <column name="manufacturerState" length="53" />
        </property>
        <property name="manufacturerCountry" type="string">
            <column name="manufacturerCountry" length="53" />
        </property>
        <property name="freightStatus" type="string">
            <column name="freightStatus" length="5" />
        </property>
        <property name="frightcharge" type="string">
            <column name="frightcharge" length="7" />
        </property>
        <property name="totalWeight" type="string">
            <column name="totalWeight" length="7" />
        </property>
        <property name="freightPayableAt" type="string">
            <column name="freightPayableAt" length="20" />
        </property>
        <property name="countryofOrigin" type="string">
            <column name="countryofOrigin" length="50" />
        </property>
        <property name="countryOriginCode" type="string">
            <column name="countryOriginCode" length="4" />
        </property>
        <property name="countryofdestination" type="string">
            <column name="countryofdestination" length="50" />
        </property>
        <property name="countryDestCode" type="string">
            <column name="countryDestCode" length="4" />
        </property>
        <property name="dateofDeparture1" type="string">
            <column name="dateofDeparture1" length="25" />
        </property>
        <property name="dateofDeparture2" type="string">
            <column name="dateofDeparture2" length="25" />
        </property>
		<property name="finalDestCode" type="string">
            <column name="finalDestCode" length="3" />
        </property>
		<property name="finalDestIsoCode" type="string">
            <column name="finalDestIsoCode" length="2" />
        </property>
	    <property name="finalDestination1" type="string">
            <column name="finalDestination1" length="27" />
        </property>
        <property name="finalDestination2" type="string">
            <column name="finalDestination2" length="27" />
        </property>
		<property name="portofLoadingIsoCode" type="string">
            <column name="portofLoadingIsoCode" length="2" />
        </property>
		<property name="portofLoadingCode" type="string">
            <column name="portofLoadingCode" length="3" />
        </property>
        <property name="portofLoading1" type="string">
            <column name="portofLoading1" length="27" />
        </property>
        <property name="portofLoading2" type="string">
            <column name="portofLoading2" length="27" />
        </property>
		<property name="portofDischargeIsoCode" type="string">
            <column name="portofDischargeIsoCode" length="2" />
        </property>
		<property name="portofDischargeCode" type="string">
            <column name="portofDischargeCode" length="3" />
        </property>
        <property name="portofDischarge1" type="string">
            <column name="portofDischarge1" length="27" />
        </property>
        <property name="portofDischarge2" type="string">
            <column name="portofDischarge2" length="27" />
        </property>
        <property name="marineTerminal" type="string">
            <column name="marineTerminal" length="5" />
        </property>
        <property name="modeOfTransport" type="string">
            <column name="modeOfTransport" length="5" />
        </property>
        <property name="vessel" type="string">
            <column name="vessel" length="32" />
        </property>
        <property name="voyageNumber" type="string">
            <column name="voyageNumber" length="20" />
        </property>
        <property name="airlineCode" type="string">
            <column name="airlineCode" length="20" />
        </property>
        <property name="flightNo" type="string">
            <column name="flightNo" length="20" />
        </property>
        <property name="railCarNumber" type="string">
            <column name="railCarNumber" length="25" />
        </property>
        <property name="bookingNumber" type="string">
            <column name="bookingNumber" length="25" />
        </property>
        <property name="carrierCode" type="string">
            <column name="carrierCode" length="6" />
        </property>
        <property name="carrierName" type="string">
            <column name="carrierName" length="25" />
        </property>
        <property name="cargoType" type="string">
            <column name="cargoType" length="16" />
        </property>
        <property name="totalNumberofPackages" type="string">
            <column name="totalNumberofPackages" length="8" />
        </property>
        <property name="totalNumberofContainers" type="string">
            <column name="totalNumberofContainers" length="8" />
        </property>
        <property name="dockContBase" type="string">
            <column name="dockContBase" length="16" />
        </property>
        <property name="producedAt" type="string">
            <column name="producedAt" length="24" />
        </property>
        <property name="hsts" type="string">
            <column name="hsts" length="15" />
        </property>
        <property name="receivingDate" type="string">
            <column name="receivingDate" length="25" />
        </property>
        <property name="placeofReceipt" type="string">
            <column name="placeofReceipt" length="16" />
        </property>
        <property name="qtyDescription" type="string">
            <column name="qtyDescription" length="20" />
        </property>
        <property name="priceDescription" type="string">
            <column name="priceDescription" length="20" />
        </property>
        <property name="additionalChargesDesc1" type="string">
            <column name="additionalChargesDesc1" length="32" />
        </property>
        <property name="additionalChargesDesc2" type="string">
            <column name="additionalChargesDesc2" length="32" />
        </property>
        <property name="additionalChargesDesc3" type="string">
            <column name="additionalChargesDesc3" length="32" />
        </property>
        <property name="additionalChargesDesc4" type="string">
            <column name="additionalChargesDesc4" length="32" />
        </property>
        <property name="additionalCharges1" type="string">
            <column name="additionalCharges1" length="14" />
        </property>
        <property name="additionalCharges2" type="string">
            <column name="additionalCharges2" length="14" />
        </property>
        <property name="additionalCharges3" type="string">
            <column name="additionalCharges3" length="14" />
        </property>
        <property name="additionalCharges4" type="string">
            <column name="additionalCharges4" length="14" />
        </property>
        <property name="invoiceSubtotal" type="string">
            <column name="invoiceSubtotal" length="30" />
        </property>
        <property name="invoiceTotal" type="string">
            <column name="invoiceTotal" length="30" />
        </property>
        <property name="currencyCode" type="string">
            <column name="currencyCode" length="4" />
        </property>
        <property name="comments" type="string">
            <column name="comments" length="50" />
        </property>
        <property name="exporterDeclaration1" type="string">
            <column name="exporterDeclaration1" length="72" />
        </property>
        <property name="exporterDeclaration2" type="string">
            <column name="exporterDeclaration2" length="72" />
        </property>
        <property name="exporterDeclaration3" type="string">
            <column name="exporterDeclaration3" length="72" />
        </property>
        <property name="exporterDeclaration4" type="string">
            <column name="exporterDeclaration4" length="72" />
        </property>
        <property name="exporterDeclaration5" type="string">
            <column name="exporterDeclaration5" length="72" />
        </property>
        <property name="exporterDeclaration6" type="string">
            <column name="exporterDeclaration6" length="72" />
        </property>
        <property name="exporterDeclaration7" type="string">
            <column name="exporterDeclaration7" length="72" />
        </property>
        <property name="issueDate" type="string">
            <column name="issueDate" length="25" />
        </property>
        <property name="issuePlace" type="string">
            <column name="issuePlace" length="30" />
        </property>
        <property name="signatoryCompanyName" type="string">
            <column name="signatoryCompanyName" length="40" />
        </property>
        <property name="nameofAuthorizedSignatory" type="string">
            <column name="nameofAuthorizedSignatory" length="35" />
        </property>
        <property name="finePrintClauseId" type="string">
            <column name="finePrintClauseId" length="6" />
        </property>
        <property name="finePrintClauseTitle" type="string">
            <column name="finePrintClauseTitle" length="30" />
        </property>
        <property name="finePrintLine1" type="string">
            <column name="finePrintLine1" length="72" />
        </property>
        <property name="finePrintLine2" type="string">
            <column name="finePrintLine2" length="72" />
        </property>
        <property name="finePrintLine3" type="string">
            <column name="finePrintLine3" length="72" />
        </property>
        <property name="finePrintLine4" type="string">
            <column name="finePrintLine4" length="72" />
        </property>
        <property name="finePrintLine5" type="string">
            <column name="finePrintLine5" length="72" />
        </property>
        <property name="finePrintLine6" type="string">
            <column name="finePrintLine6" length="72" />
        </property>
        <property name="finePrintLine7" type="string">
            <column name="finePrintLine7" length="72" />
        </property>
        <property name="clause1" type="string">
            <column name="clause1" length="72" />
        </property>
        <property name="clause2" type="string">
            <column name="clause2" length="72" />
        </property>
        <property name="clause3" type="string">
            <column name="clause3" length="72" />
        </property>
        <property name="clause4" type="string">
            <column name="clause4" length="72" />
        </property>
        <property name="clause5" type="string">
            <column name="clause5" length="72" />
        </property>
        <property name="clause6" type="string">
            <column name="clause6" length="72" />
        </property>
        <property name="clause7" type="string">
            <column name="clause7" length="72" />
        </property>
        <property name="clause8" type="string">
            <column name="clause8" length="72" />
        </property>
        <property name="clause9" type="string">
            <column name="clause9" length="72" />
        </property>
		<property name="terms" type="string">
            <column name="terms" length="6" />
        </property>
        <property name="termsLine1" type="string">
            <column name="termsLine1" length="53" />
        </property>
        <property name="termsLine2" type="string">
            <column name="termsLine2" length="53" />
        </property>
        <property name="termsLine3" type="string">
            <column name="termsLine3" length="53" />
        </property>
        <property name="termsLine4" type="string">
            <column name="termsLine4" length="53" />
        </property>
        <property name="termsLine5" type="string">
            <column name="termsLine5" length="53" />
        </property>
        <property name="termsLine6" type="string">
            <column name="termsLine6" length="53" />
        </property>
        <property name="exportLicenceNo" type="string">
            <column name="exportLicenceNo" length="10" />
        </property>
        <property name="dpiPermitNo" type="string">
            <column name="dpiPermitNo" length="10" />
        </property>
        <property name="establishmentNo" type="string">
            <column name="establishmentNo" length="6" />
        </property>
        <property name="fecNo" type="string">
            <column name="fecNo" length="10" />
        </property>
        <property name="special1" type="string">
            <column name="special1" length="72" />
        </property>
        <property name="special2" type="string">
            <column name="special2" length="72" />
        </property>
        <property name="special3" type="string">
            <column name="special3" length="72" />
        </property>
        <property name="special4" type="string">
            <column name="special4" length="72" />
        </property>
        <property name="special5" type="string">
            <column name="special5" length="72" />
        </property>
    </class>
</hibernate-mapping>
