<?xml version="1.0"?>
<!DOCTYPE hibernate-mapping PUBLIC "-//Hibernate/Hibernate Mapping DTD 3.0//EN"
"http://hibernate.sourceforge.net/hibernate-mapping-3.0.dtd">
<hibernate-mapping>
    <class name="docprep.src.dto.PackingListItemDetail" table="dp_PackingListItemDetail">
        <composite-id name="id" class="docprep.src.dto.PackingListItemDetailId">
            <key-property name="sysDocId" type="long">
                <column name="sysDocId" precision="11" scale="0" />
            </key-property>
            <key-property name="lineNumber" type="int">
                <column name="lineNumber" />
            </key-property>
        </composite-id>
       <property name="packListNo" type="string">
            <column name="packListNo" length="20" />
        </property>
        <property name="pageNo" type="int">
            <column name="pageNo" not-null="true" />
        </property>
        <property name="productCode" type="string">
            <column name="productCode" length="20" />
        </property>
        <property name="marksOrDetail" type="string">
            <column name="marksOrDetail" length="70" />
        </property>
        <property name="quantity" type="string">
            <column name="quantity" length="9" />
        </property>
        <property name="netWeight" type="string">
            <column name="netWeight" length="20" />
        </property>
        <property name="grossWeight" type="string">
            <column name="grossWeight" length="20" />
        </property>
        <property name="cubicWeight" type="string">
            <column name="cubicWeight" length="20" />
        </property>
        <property name="detail" type="string">
            <column name="detail" length="16" />
        </property>
    </class>
<query name="hql.DeletePackingDetailLines">DELETE FROM docprep.src.dto.PackingListItemDetail tg WHERE tg.id.sysDocId = :selSysDocId</query>
</hibernate-mapping>
