<?xml version="1.0"?>
<!DOCTYPE hibernate-mapping PUBLIC "-//Hibernate/Hibernate Mapping DTD 3.0//EN"
"http://hibernate.sourceforge.net/hibernate-mapping-3.0.dtd">
<hibernate-mapping>
    <class name="docprep.src.dto.PackingList" table="dp_PackingList">
        <id name="sysDocId" type="long">
            <column name="sysDocId" precision="11" scale="0" />
            <generator class="assigned" />
        </id>
       <property name="packListNo" type="string">
            <column name="packListNo" length="20" />
        </property>
        <property name="pageNo" type="int">
            <column name="pageNo" not-null="true" />
        </property>
        <property name="packingType" type="int">
            <column name="packingType" not-null="true" />
        </property>
        <property name="packingDate" type="timestamp">
            <column name="packingDate" length="25" />
        </property>
        <property name="methodOfDispatch" type="string">
            <column name="methodOfDispatch" length="40" />
        </property>
        <property name="internalLine1" type="string">
            <column name="internalLine1" length="72" />
        </property>
        <property name="internalLine2" type="string">
            <column name="internalLine2" length="72" />
        </property>
        <property name="internalLine3" type="string">
            <column name="internalLine3" length="72" />
        </property>
        <property name="internalLine4" type="string">
            <column name="internalLine4" length="72" />
        </property>
        <property name="internalLine5" type="string">
            <column name="internalLine5" length="72" />
        </property>
        <property name="internalLine6" type="string">
            <column name="internalLine6" length="72" />
        </property>
        <property name="internalLine7" type="string">
            <column name="internalLine7" length="72" />
        </property>
        <property name="marks1" type="string">
            <column name="marks1" length="35" />
        </property>
        <property name="marks2" type="string">
            <column name="marks2" length="35" />
        </property>
        <property name="marks3" type="string">
            <column name="marks3" length="35" />
        </property>
        <property name="marks4" type="string">
            <column name="marks4" length="35" />
        </property>
        <property name="marks5" type="string">
            <column name="marks5" length="35" />
        </property>
        <property name="marks6" type="string">
            <column name="marks6" length="35" />
        </property>
        <property name="marks7" type="string">
            <column name="marks7" length="35" />
        </property>
        <property name="measure1" type="string">
            <column name="measure1" length="35" />
        </property>
        <property name="measure2" type="string">
            <column name="measure2" length="35" />
        </property>
        <property name="measure3" type="string">
            <column name="measure3" length="35" />
        </property>
        <property name="measure4" type="string">
            <column name="measure4" length="35" />
        </property>
        <property name="measure5" type="string">
            <column name="measure5" length="35" />
        </property>
        <property name="measure6" type="string">
            <column name="measure6" length="35" />
        </property>
        <property name="measure7" type="string">
            <column name="measure7" length="35" />
        </property>
        <property name="totalQuantity" type="string">
            <column name="totalQuantity" length="20" />
        </property>
        <property name="totalNetWeight" type="string">
            <column name="totalNetWeight" length="20" />
        </property>
        <property name="totalGrossWeight" type="string">
            <column name="totalGrossWeight" length="20" />
        </property>
        <property name="totalCubic" type="string">
            <column name="totalCubic" length="20" />
        </property>
    </class>
<query name="hql.DeletePackingList">DELETE FROM docprep.src.dto.PackingList tg WHERE tg.id.sysDocId = :selSysDocId</query>
</hibernate-mapping>
