<?xml version="1.0"?>
<!DOCTYPE hibernate-mapping PUBLIC "-//Hibernate/Hibernate Mapping DTD 3.0//EN"
"http://hibernate.sourceforge.net/hibernate-mapping-3.0.dtd">
<!-- Generated Oct 25, 2008 3:16:52 PM by Hibernate Tools 3.2.0.beta7 -->
<hibernate-mapping>
    <class name="docprep.src.dto.PackageDetail" table="dp_PackageDetail">
        <composite-id name="id" class="docprep.src.dto.PackageDetailId">
            <key-property name="sysDocId" type="long">
                <column name="sysDocId" precision="11" scale="0" />
            </key-property>
            <key-property name="lineNumber" type="java.lang.Integer">
                <column name="lineNumber" />
            </key-property>
        </composite-id>
         <property name="marks" type="string">
            <column name="marks" length="16" />
        </property>
        <property name="pckg" type="string">
            <column name="pckg" length="8" />
        </property>
        <property name="descriptionofgoods" type="string">
            <column name="descriptionofgoods" length="35" />
        </property>
        <property name="grossMass" type="string">
            <column name="grossMass" length="11" />
        </property>
        <property name="cubic" type="string">
            <column name="cubic" length="11" />
        </property>
    </class>
  <query name="hql.DeletePackageDetailLines">DELETE FROM docprep.src.dto.PackageDetail tg WHERE tg.id.sysDocId = :selSysDocId</query>
</hibernate-mapping>
