<?xml version="1.0"?>
<!DOCTYPE hibernate-mapping PUBLIC "-//Hibernate/Hibernate Mapping DTD 3.0//EN"
"http://hibernate.sourceforge.net/hibernate-mapping-3.0.dtd">
<!-- Generated Sep 15, 2008 10:37:56 AM by Hibernate Tools 3.2.0.beta7 -->
<hibernate-mapping>
    <class name="docprep.src.dto.ReportCriteria" table="dp_reportCriteria" >
        <composite-id name="id" class="docprep.src.dto.ReportCriteriaId">
            <key-property name="siteId" type="string">
                <column name="SiteId" length="20" />
            </key-property>
            <key-property name="userId" type="string">
                <column name="UserId" length="20" />
            </key-property>
            <key-property name="reportId" type="string">
                <column name="ReportId" length="20" />
            </key-property>
        </composite-id>
        <property name="fieldName" type="string">
            <column name="FieldName" length="20" />
        </property>
        <property name="reportName" type="string">
            <column name="ReportName" length="20" />
        </property>
        <property name="transactionIdfrom" type="string">
            <column name="TransactionIDFrom" length="20" />
        </property>
        <property name="transactionIdto" type="string">
            <column name="TransactionIDTo" length="20" />
        </property>
        <property name="invoiceDateFrom" type="timestamp">
            <column name="InvoiceDateFrom" length="23" not-null="true" />
        </property>
        <property name="invoiceDateTo" type="timestamp">
            <column name="InvoiceDateTo" length="23" not-null="true" />
        </property>
        <property name="exporterReferenceFrom" type="string">
            <column name="ExporterReferenceFrom" length="20" />
        </property>
        <property name="exporterReferenceTo" type="string">
            <column name="ExporterReferenceTo" length="20" />
        </property>
        <property name="buyerReferenceFrom" type="string">
            <column name="BuyerReferenceFrom" length="20" />
        </property>
        <property name="buyerReferenceTo" type="string">
            <column name="BuyerReferenceTo" length="20" />
        </property>
        <property name="buyerFrom" type="string">
            <column name="BuyerFrom" length="20" />
        </property>
        <property name="buyerTo" type="string">
            <column name="BuyerTo" length="20" />
        </property>
    </class>
</hibernate-mapping>
