<?xml version="1.0" encoding="UTF-8"?>
<!DOCTYPE beans PUBLIC "-//SPRING//DTD BEAN//EN"
    "http://www.springframework.org/dtd/spring-beans-2.0.dtd">    
<beans>
		  
	<bean id="personManagerTxProxy" abstract="true" class="org.springframework.transaction.interceptor.TransactionProxyFactoryBean">
        <property name="transactionManager" ref="transactionManager" />
        <property name="proxyTargetClass"><value>true</value></property>
        <property name="transactionAttributes">
             <props>
                <prop key="create*">PROPAGATION_REQUIRED</prop>
                <prop key="update*">PROPAGATION_REQUIRED</prop>
                <prop key="get*">PROPAGATION_REQUIRED,readOnly</prop>
                <prop key="*">PROPAGATION_REQUIRED</prop>
            </props>
        </property>
    </bean>
    <bean id="personManager" parent="personManagerTxProxy" scope="prototype">
		<property name="target">
			<bean class="usermgmt.src.bto.controllerImpl.PersonManagerImpl">
    		</bean>
		</property>
    </bean>
	
     <bean id="personPageDAOProviderTxProxy" abstract="true" class="org.springframework.transaction.interceptor.TransactionProxyFactoryBean">
        <property name="transactionManager" ref="transactionManager" />
        <property name="proxyTargetClass"><value>true</value></property>
        <property name="transactionAttributes">
            <props>
                <prop key="get*">PROPAGATION_REQUIRED,readOnly</prop>
            </props>
        </property>
    </bean>
    <bean id="personPageDAOProvider" parent="personPageDAOProviderTxProxy">
		<property name="target">
			<bean class="usermgmt.src.bto.valueListHandler.PersonPageDAOProvider">
    		</bean>
		</property>
    </bean>
    
    <bean id="moduleManagerTxProxy" abstract="true" class="org.springframework.transaction.interceptor.TransactionProxyFactoryBean">
        <property name="transactionManager" ref="transactionManager" />
        <property name="proxyTargetClass"><value>true</value></property>
        <property name="transactionAttributes">
             <props>
                <prop key="create*">PROPAGATION_REQUIRED</prop>
                <prop key="update*">PROPAGATION_REQUIRED</prop>
                <prop key="get*">PROPAGATION_REQUIRED,readOnly</prop>
                <prop key="*">PROPAGATION_REQUIRED</prop>
            </props>
        </property>
    </bean>
    <bean id="moduleManager" parent="moduleManagerTxProxy" scope="prototype">
		<property name="target">
			<bean class="usermgmt.src.bto.controllerImpl.ModuleManagerImpl">
    		</bean>
		</property>
    </bean>
    
    <bean id="companyModuleManagerTxProxy" abstract="true" class="org.springframework.transaction.interceptor.TransactionProxyFactoryBean">
        <property name="transactionManager" ref="transactionManager" />
        <property name="proxyTargetClass"><value>true</value></property>
        <property name="transactionAttributes">
             <props>
                <prop key="create*">PROPAGATION_REQUIRED</prop>
                <prop key="update*">PROPAGATION_REQUIRED</prop>
                <prop key="get*">PROPAGATION_REQUIRED,readOnly</prop>
                <prop key="*">PROPAGATION_REQUIRED</prop>
            </props>
        </property>
    </bean>
    <bean id="companyModuleManager" parent="companyModuleManagerTxProxy" scope="prototype">
		<property name="target">
			<bean class="usermgmt.src.bto.controllerImpl.CompanyModuleManagerImpl">
    		</bean>
		</property>
    </bean>
	<bean id="companyModulePageDAOProviderTxProxy" abstract="true" class="org.springframework.transaction.interceptor.TransactionProxyFactoryBean">
        <property name="transactionManager" ref="transactionManager" />
        <property name="proxyTargetClass"><value>true</value></property>
        <property name="transactionAttributes">
            <props>
                <prop key="get*">PROPAGATION_REQUIRED,readOnly</prop>
            </props>
        </property>
    </bean>
    <bean id="companyModulePageDAOProvider" parent="companyModulePageDAOProviderTxProxy">
		<property name="target">
			<bean class="usermgmt.src.bto.valueListHandler.CompanyModulePageDAOProvider">
    		</bean>
		</property> 
    </bean>
	<bean id="companyManagerTxProxy" abstract="true" class="org.springframework.transaction.interceptor.TransactionProxyFactoryBean">
        <property name="transactionManager" ref="transactionManager" />
        <property name="proxyTargetClass"><value>true</value></property>
        <property name="transactionAttributes">
             <props>
                <prop key="create*">PROPAGATION_REQUIRED</prop>
                <prop key="update*">PROPAGATION_REQUIRED</prop>
                <prop key="get*">PROPAGATION_REQUIRED,readOnly</prop>
                <prop key="*">PROPAGATION_REQUIRED</prop>
            </props>
        </property>
    </bean>
    <bean id="companyManager" parent="companyManagerTxProxy" scope="prototype">
		<property name="target">
			<bean class="usermgmt.src.bto.controllerImpl.CompanyManagerImpl">
    		</bean>
		</property>
    </bean>
	
     <bean id="companyPageDAOProviderTxProxy" abstract="true" class="org.springframework.transaction.interceptor.TransactionProxyFactoryBean">
        <property name="transactionManager" ref="transactionManager" />
        <property name="proxyTargetClass"><value>true</value></property>
        <property name="transactionAttributes">
            <props>
                <prop key="get*">PROPAGATION_REQUIRED,readOnly</prop>
            </props>
        </property>
    </bean>
    <bean id="companyPageDAOProvider" parent="companyPageDAOProviderTxProxy">
		<property name="target">
			<bean class="usermgmt.src.bto.valueListHandler.CompanyPageDAOProvider">
    		</bean>
		</property>
    </bean>
     
 </beans>
    